BLE,1655455500195203242,0E:EE:BF:45:2C:AA,-49
BLE,1655455500206819245,07:FB:DF:17:DA:13,-61
BLE,1655455500406396240,0E:EE:BF:45:2C:AA,-58
BLE,1655455500521864009,07:FB:DF:17:DA:13,-61
BLE,1655455500575887225,5D:32:91:B6:FB:E1,-85
BLE,1655455500713978371,0E:EE:BF:45:2C:AA,-50
BLE,1655455500843051097,07:FB:DF:17:DA:13,-65
BLE,1655455500928549113,0E:EE:BF:45:2C:AA,-60
BLE,1655455500946380217,07:FB:DF:17:DA:13,-60
BLE,1655455501036068474,0E:EE:BF:45:2C:AA,-59
BLE,1655455501128699810,23:50:BA:1D:1F:E0,-76
BLE,1655455501141005179,0E:EE:BF:45:2C:AA,-51
BLE,1655455501247798877,0E:EE:BF:45:2C:AA,-60
BLE,1655455501359308923,07:FB:DF:17:DA:13,-65
BLE,1655455501461465437,07:FB:DF:17:DA:13,-61
BLE,1655455501566600272,0E:EE:BF:45:2C:AA,-50
BLE,1655455501642623184,23:50:BA:1D:1F:E0,-78
BLE,1655455501661711615,7A:25:0F:1E:6E:5C,-78
BLE,1655455501668569713,0E:EE:BF:45:2C:AA,-59
BLE,1655455501772833551,0E:EE:BF:45:2C:AA,-49
BLE,1655455501778195008,07:FB:DF:17:DA:13,-61
BLE,1655455501983450904,0E:EE:BF:45:2C:AA,-59
BLE,1655455501993748172,07:FB:DF:17:DA:13,-71
BLE,1655455502085291198,0E:EE:BF:45:2C:AA,-50
BLE,1655455502183984358,0E:EE:BF:45:2C:AA,-59
BLE,1655455502393948380,0E:EE:BF:45:2C:AA,-61
BLE,1655455502445416922,E5:38:64:81:2A:70,-65
BLE,1655455502500237450,0E:EE:BF:45:2C:AA,-59
BLE,1655455502528796782,07:FB:DF:17:DA:13,-66
BLE,1655455502635688034,07:FB:DF:17:DA:13,-61
BLE,1655455502708492776,0E:EE:BF:45:2C:AA,-62
BLE,1655455502739156543,07:FB:DF:17:DA:13,-71
BLE,1655455502774841454,CD:26:EF:77:17:59,-77
BLE,1655455502811025215,0E:EE:BF:45:2C:AA,-59
BLE,1655455502951948941,07:FB:DF:17:DA:13,-61
BLE,1655455503127283325,0E:EE:BF:45:2C:AA,-59
BLE,1655455503235379479,0E:EE:BF:45:2C:AA,-49
BLE,1655455503267070668,07:FB:DF:17:DA:13,-60
BLE,1655455503359282783,72:24:9E:31:08:81,-83
BLE,1655455503475698825,07:FB:DF:17:DA:13,-65
BLE,1655455503546130578,0E:EE:BF:45:2C:AA,-49
BLE,1655455503751603639,0E:EE:BF:45:2C:AA,-50
BLE,1655455503790715386,07:FB:DF:17:DA:13,-65
BLE,1655455504006561974,07:FB:DF:17:DA:13,-61
BLE,1655455504061639685,0E:EE:BF:45:2C:AA,-60
BLE,1655455504164946380,0E:EE:BF:45:2C:AA,-60
BLE,1655455504266632804,0E:EE:BF:45:2C:AA,-61
BLE,1655455504322694844,07:FB:DF:17:DA:13,-61
BLE,1655455504326974602,C4:CB:E0:CB:65:5A,-80
BLE,1655455504367838841,0E:EE:BF:45:2C:AA,-60
BLE,1655455504375912934,E5:38:64:81:2A:70,-79
BLE,1655455504472718473,0E:EE:BF:45:2C:AA,-50
BLE,1655455504561560956,5D:32:91:B6:FB:E1,-76
BLE,1655455504575255949,0E:EE:BF:45:2C:AA,-61
BLE,1655455504681136725,0E:EE:BF:45:2C:AA,-60
BLE,1655455504742560148,07:FB:DF:17:DA:13,-73
BLE,1655455504788468512,0E:EE:BF:45:2C:AA,-49
BLE,1655455504810005765,23:50:BA:1D:1F:E0,-82
BLE,1655455504877227921,5D:32:91:B6:FB:E1,-76
BLE,1655455504994072554,0E:EE:BF:45:2C:AA,-60
BLE,1655455505064580398,07:FB:DF:17:DA:13,-61
BLE,1655455505101579766,0E:EE:BF:45:2C:AA,-49
BLE,1655455505347513328,E5:38:64:81:2A:70,-69
BLE,1655455505415335851,0E:EE:BF:45:2C:AA,-64
BLE,1655455505582059163,07:FB:DF:17:DA:13,-62
BLE,1655455505625502113,0E:EE:BF:45:2C:AA,-60
BLE,1655455505641869612,23:50:BA:1D:1F:E0,-82
BLE,1655455505793217272,CD:26:EF:77:17:59,-76
BLE,1655455505796404850,07:FB:DF:17:DA:13,-68
BLE,1655455505895844748,07:FB:DF:17:DA:13,-61
BLE,1655455505941745927,0E:EE:BF:45:2C:AA,-61
BLE,1655455505999375664,07:FB:DF:17:DA:13,-72
BLE,1655455506046687577,0E:EE:BF:45:2C:AA,-50
BLE,1655455506210328903,07:FB:DF:17:DA:13,-60
BLE,1655455506254257462,0E:EE:BF:45:2C:AA,-59
BLE,1655455506309197970,E5:38:64:81:2A:70,-75
BLE,1655455506570532517,0E:EE:BF:45:2C:AA,-78
BLE,1655455506627080684,07:FB:DF:17:DA:13,-81
BLE,1655455506678627652,0E:EE:BF:45:2C:AA,-66
BLE,1655455506727108431,07:FB:DF:17:DA:13,-75
BLE,1655455506876710729,7A:25:0F:1E:6E:5C,-92
BLE,1655455506878572868,5D:32:91:B6:FB:E1,-94
BLE,1655455506886324796,0E:EE:BF:45:2C:AA,-78
BLE,1655455506992431922,0E:EE:BF:45:2C:AA,-66
BLE,1655455507044058631,07:FB:DF:17:DA:13,-76
BLE,1655455507192370897,33:85:B8:E5:A9:02,-95
BLE,1655455507394206068,33:85:B8:E5:A9:02,-96
BLE,1655455507508661915,5D:32:91:B6:FB:E1,-92
BLE,1655455507515938734,0E:EE:BF:45:2C:AA,-78
BLE,1655455507526510537,23:50:BA:1D:1F:E0,-90
BLE,1655455507564038032,07:FB:DF:17:DA:13,-75
BLE,1655455507619208891,0E:EE:BF:45:2C:AA,-67
BLE,1655455507672151390,07:FB:DF:17:DA:13,-76
BLE,1655455507725545091,0E:EE:BF:45:2C:AA,-75
BLE,1655455507777691093,07:FB:DF:17:DA:13,-85
BLE,1655455507829234191,0E:EE:BF:45:2C:AA,-79
BLE,1655455507878293874,07:FB:DF:17:DA:13,-75
BLE,1655455507938553321,0E:EE:BF:45:2C:AA,-66
BLE,1655455507974894247,7A:25:0F:1E:6E:5C,-90
BLE,1655455508145101562,0E:EE:BF:45:2C:AA,-80
BLE,1655455508239861500,E5:38:64:81:2A:70,-81
BLE,1655455508252864459,0E:EE:BF:45:2C:AA,-67
BLE,1655455508351809599,0E:EE:BF:45:2C:AA,-80
BLE,1655455508394568311,07:FB:DF:17:DA:13,-75
BLE,1655455508460523343,0E:EE:BF:45:2C:AA,-79
BLE,1655455508561888047,0E:EE:BF:45:2C:AA,-74
BLE,1655455508665681257,0E:EE:BF:45:2C:AA,-78
BLE,1655455508766784055,0E:EE:BF:45:2C:AA,-66
BLE,1655455508822951613,07:FB:DF:17:DA:13,-75
BLE,1655455508927809374,07:FB:DF:17:DA:13,-85
BLE,1655455508979396416,0E:EE:BF:45:2C:AA,-71
BLE,1655455509085132156,0E:EE:BF:45:2C:AA,-65
BLE,1655455509092476622,23:50:BA:1D:1F:E0,-91
BLE,1655455509136691272,07:FB:DF:17:DA:13,-75
BLE,1655455509183857853,0E:EE:BF:45:2C:AA,-68
BLE,1655455509204295444,E5:38:64:81:2A:70,-80
BLE,1655455509242065401,07:FB:DF:17:DA:13,-84
BLE,1655455509293153890,0E:EE:BF:45:2C:AA,-71
BLE,1655455509345350078,07:FB:DF:17:DA:13,-79
BLE,1655455509401848893,0E:EE:BF:45:2C:AA,-66
BLE,1655455509613954498,0E:EE:BF:45:2C:AA,-66
BLE,1655455509654210777,07:FB:DF:17:DA:13,-75
BLE,1655455509820663109,0E:EE:BF:45:2C:AA,-65
BLE,1655455509926343626,0E:EE:BF:45:2C:AA,-67
BLE,1655455510136937368,0E:EE:BF:45:2C:AA,-65
BLE,1655455510169968717,E5:38:64:81:2A:70,-78
BLE,1655455510177119906,07:FB:DF:17:DA:13,-81
BLE,1655455510284901303,07:FB:DF:17:DA:13,-76
BLE,1655455510492960630,07:FB:DF:17:DA:13,-80
BLE,1655455510552792005,0E:EE:BF:45:2C:AA,-67
BLE,1655455510559939305,23:50:BA:1D:1F:E0,-92
BLE,1655455510597392004,07:FB:DF:17:DA:13,-76
BLE,1655455510661267527,0E:EE:BF:45:2C:AA,-47
BLE,1655455510726780802,7A:25:0F:1E:6E:5C,-81
BLE,1655455510769349107,0E:EE:BF:45:2C:AA,-48
BLE,1655455510802984620,07:FB:DF:17:DA:13,-61
BLE,1655455510870728829,0E:EE:BF:45:2C:AA,-52
BLE,1655455510909216005,33:85:B8:E5:A9:02,-77
BLE,1655455511004276627,07:FB:DF:17:DA:13,-61
BLE,1655455511081346663,0E:EE:BF:45:2C:AA,-51
BLE,1655455511136767262,E5:38:64:81:2A:70,-68
BLE,1655455511187027717,0E:EE:BF:45:2C:AA,-54
BLE,1655455511326692394,07:FB:DF:17:DA:13,-67
BLE,1655455511400662723,0E:EE:BF:45:2C:AA,-49
BLE,1655455511508696988,5D:32:91:B6:FB:E1,-83
BLE,1655455511613308714,0E:EE:BF:45:2C:AA,-51
BLE,1655455511637526529,07:FB:DF:17:DA:13,-61
BLE,1655455511722898324,0E:EE:BF:45:2C:AA,-51
BLE,1655455511826852090,7A:25:0F:1E:6E:5C,-80
BLE,1655455511831273644,0E:EE:BF:45:2C:AA,-51
BLE,1655455511932859013,0E:EE:BF:45:2C:AA,-52
BLE,1655455511941988268,63:E5:76:07:13:AC,-86
BLE,1655455512063661119,07:FB:DF:17:DA:13,-61
BLE,1655455512099262604,E5:38:64:81:2A:70,-61
BLE,1655455512249473603,0E:EE:BF:45:2C:AA,-50
BLE,1655455512378701198,07:FB:DF:17:DA:13,-61
BLE,1655455512453219728,0E:EE:BF:45:2C:AA,-50
BLE,1655455512557891935,0E:EE:BF:45:2C:AA,-54
BLE,1655455512662769215,0E:EE:BF:45:2C:AA,-49
BLE,1655455512771521607,0E:EE:BF:45:2C:AA,-64
BLE,1655455512793722061,33:85:B8:E5:A9:02,-93
BLE,1655455512874075119,0E:EE:BF:45:2C:AA,-70
BLE,1655455512979491656,0E:EE:BF:45:2C:AA,-65
BLE,1655455513010014313,07:FB:DF:17:DA:13,-75
BLE,1655455513065545207,E5:38:64:81:2A:70,-76
BLE,1655455513083945216,0E:EE:BF:45:2C:AA,-66
BLE,1655455513192839848,0E:EE:BF:45:2C:AA,-50
BLE,1655455513296650355,0E:EE:BF:45:2C:AA,-53
BLE,1655455513327924694,07:FB:DF:17:DA:13,-67
BLE,1655455513397024952,0E:EE:BF:45:2C:AA,-50
BLE,1655455513432499679,07:FB:DF:17:DA:13,-60
BLE,1655455513499163522,0E:EE:BF:45:2C:AA,-53
BLE,1655455513608931576,0E:EE:BF:45:2C:AA,-49
BLE,1655455513709515931,0E:EE:BF:45:2C:AA,-50
BLE,1655455513746824446,07:FB:DF:17:DA:13,-60
BLE,1655455513816676386,0E:EE:BF:45:2C:AA,-52
BLE,1655455513959786547,07:FB:DF:17:DA:13,-65
BLE,1655455514025113526,7A:25:0F:1E:6E:5C,-75
BLE,1655455514026957833,0E:EE:BF:45:2C:AA,-51
BLE,1655455514031219628,E5:38:64:81:2A:70,-62
BLE,1655455514265647390,07:FB:DF:17:DA:13,-61
BLE,1655455514434065528,0E:EE:BF:45:2C:AA,-52
BLE,1655455514458753026,33:85:B8:E5:A9:02,-82
BLE,1655455514535605971,0E:EE:BF:45:2C:AA,-53
BLE,1655455514642840074,0E:EE:BF:45:2C:AA,-50
BLE,1655455514745828159,0E:EE:BF:45:2C:AA,-50
BLE,1655455514846439384,0E:EE:BF:45:2C:AA,-49
BLE,1655455515006372505,07:FB:DF:17:DA:13,-61
BLE,1655455515047056190,0E:EE:BF:45:2C:AA,-50
BLE,1655455515149582425,0E:EE:BF:45:2C:AA,-66
BLE,1655455515213131524,07:FB:DF:17:DA:13,-76
BLE,1655455515251456034,0E:EE:BF:45:2C:AA,-65
BLE,1655455515351660483,0E:EE:BF:45:2C:AA,-65
BLE,1655455515458152737,0E:EE:BF:45:2C:AA,-68
BLE,1655455515494329072,33:85:B8:E5:A9:02,-99
BLE,1655455515678151621,7A:25:0F:1E:6E:5C,-90
BLE,1655455515779259140,0E:EE:BF:45:2C:AA,-65
BLE,1655455515828709600,07:FB:DF:17:DA:13,-81
BLE,1655455515879584904,0E:EE:BF:45:2C:AA,-67
BLE,1655455515928859679,07:FB:DF:17:DA:13,-76
BLE,1655455515984180241,0E:EE:BF:45:2C:AA,-67
BLE,1655455516137658855,07:FB:DF:17:DA:13,-75
BLE,1655455516192893732,0E:EE:BF:45:2C:AA,-65
BLE,1655455516299599485,0E:EE:BF:45:2C:AA,-65
BLE,1655455516337565034,07:FB:DF:17:DA:13,-76
BLE,1655455516406697310,0E:EE:BF:45:2C:AA,-68
BLE,1655455516510388300,0E:EE:BF:45:2C:AA,-66
BLE,1655455516619599467,0E:EE:BF:45:2C:AA,-66
BLE,1655455516651933097,07:FB:DF:17:DA:13,-76
BLE,1655455516761332968,07:FB:DF:17:DA:13,-72
BLE,1655455516930509620,0E:EE:BF:45:2C:AA,-66
BLE,1655455517036692320,0E:EE:BF:45:2C:AA,-67
BLE,1655455517058093519,7A:25:0F:1E:6E:5C,-88
BLE,1655455517080074326,07:FB:DF:17:DA:13,-76
BLE,1655455517142252523,0E:EE:BF:45:2C:AA,-65
BLE,1655455517250434529,0E:EE:BF:45:2C:AA,-65
BLE,1655455517396900582,07:FB:DF:17:DA:13,-76
BLE,1655455517459601184,23:50:BA:1D:1F:E0,-92
BLE,1655455517466888855,0E:EE:BF:45:2C:AA,-65
BLE,1655455517506336785,07:FB:DF:17:DA:13,-76
BLE,1655455517569747644,0E:EE:BF:45:2C:AA,-65
BLE,1655455517819358966,07:FB:DF:17:DA:13,-76
BLE,1655455517901292092,E5:38:64:81:2A:70,-61
BLE,1655455517985479059,0E:EE:BF:45:2C:AA,-67
BLE,1655455518027500163,07:FB:DF:17:DA:13,-76
BLE,1655455518086038711,0E:EE:BF:45:2C:AA,-65
BLE,1655455518126909468,33:85:B8:E5:A9:02,-90
BLE,1655455518451362949,07:FB:DF:17:DA:13,-75
BLE,1655455518602998089,0E:EE:BF:45:2C:AA,-65
BLE,1655455518663778793,07:FB:DF:17:DA:13,-80
BLE,1655455518692567421,7A:25:0F:1E:6E:5C,-91
BLE,1655455518709259863,0E:EE:BF:45:2C:AA,-68
BLE,1655455518766392991,07:FB:DF:17:DA:13,-76
BLE,1655455518811826857,0E:EE:BF:45:2C:AA,-68
BLE,1655455519124356966,0E:EE:BF:45:2C:AA,-67
BLE,1655455519285141379,07:FB:DF:17:DA:13,-75
BLE,1655455519334830264,0E:EE:BF:45:2C:AA,-67
BLE,1655455519441327166,0E:EE:BF:45:2C:AA,-67
BLE,1655455519546769462,0E:EE:BF:45:2C:AA,-66
BLE,1655455519653092050,0E:EE:BF:45:2C:AA,-67
BLE,1655455519754400457,0E:EE:BF:45:2C:AA,-67
BLE,1655455519814871274,07:FB:DF:17:DA:13,-83
BLE,1655455519827109144,E5:38:64:81:2A:70,-79
BLE,1655455519861737374,0E:EE:BF:45:2C:AA,-65
BLE,1655455519913890618,07:FB:DF:17:DA:13,-75
BLE,1655455519926928743,33:85:B8:E5:A9:02,-93
BLE,1655455519968073426,0E:EE:BF:45:2C:AA,-67
BLE,1655455520076115765,0E:EE:BF:45:2C:AA,-68
BLE,1655455520226399875,07:FB:DF:17:DA:13,-75
BLE,1655455520280590090,0E:EE:BF:45:2C:AA,-68
BLE,1655455520385104501,0E:EE:BF:45:2C:AA,-66
BLE,1655455520489288025,0E:EE:BF:45:2C:AA,-64
BLE,1655455520543887424,07:FB:DF:17:DA:13,-76
BLE,1655455520590100120,0E:EE:BF:45:2C:AA,-67
BLE,1655455520691787248,0E:EE:BF:45:2C:AA,-63
BLE,1655455520951930522,07:FB:DF:17:DA:13,-60
BLE,1655455521007341343,0E:EE:BF:45:2C:AA,-49
BLE,1655455521110159910,0E:EE:BF:45:2C:AA,-54
BLE,1655455521218214694,0E:EE:BF:45:2C:AA,-67
BLE,1655455521324880559,0E:EE:BF:45:2C:AA,-49
BLE,1655455521374395925,07:FB:DF:17:DA:13,-61
BLE,1655455521424393326,0E:EE:BF:45:2C:AA,-51
BLE,1655455521445063917,7A:25:0F:1E:6E:5C,-74
BLE,1655455521529284217,0E:EE:BF:45:2C:AA,-49
BLE,1655455521642276016,23:50:BA:1D:1F:E0,-100
BLE,1655455521690661313,07:FB:DF:17:DA:13,-60
BLE,1655455521726345910,7A:25:0F:1E:6E:5C,-98
BLE,1655455521740180161,0E:EE:BF:45:2C:AA,-67
BLE,1655455521757052880,E5:38:64:81:2A:70,-67
BLE,1655455521794411784,07:FB:DF:17:DA:13,-71
BLE,1655455521847031247,0E:EE:BF:45:2C:AA,-68
BLE,1655455521955600029,0E:EE:BF:45:2C:AA,-49
BLE,1655455522000691156,07:FB:DF:17:DA:13,-87
BLE,1655455522158103214,0E:EE:BF:45:2C:AA,-66
BLE,1655455522261366946,0E:EE:BF:45:2C:AA,-71
BLE,1655455522321452449,07:FB:DF:17:DA:13,-76
BLE,1655455522363926496,0E:EE:BF:45:2C:AA,-68
BLE,1655455522466891063,0E:EE:BF:45:2C:AA,-54
BLE,1655455522576386229,0E:EE:BF:45:2C:AA,-54
BLE,1655455522643156776,07:FB:DF:17:DA:13,-82
BLE,1655455522725464733,E5:38:64:81:2A:70,-80
BLE,1655455522747717650,07:FB:DF:17:DA:13,-60
BLE,1655455522789304608,0E:EE:BF:45:2C:AA,-67
BLE,1655455522958942499,07:FB:DF:17:DA:13,-83
BLE,1655455523060201000,07:FB:DF:17:DA:13,-89
BLE,1655455523093616754,23:50:BA:1D:1F:E0,-74
BLE,1655455523099893077,0E:EE:BF:45:2C:AA,-50
BLE,1655455523160693244,07:FB:DF:17:DA:13,-82
BLE,1655455523200675895,0E:EE:BF:45:2C:AA,-68
BLE,1655455523263997494,07:FB:DF:17:DA:13,-60
BLE,1655455523303851534,0E:EE:BF:45:2C:AA,-50
BLE,1655455523411404710,0E:EE:BF:45:2C:AA,-72
BLE,1655455523515710437,0E:EE:BF:45:2C:AA,-68
BLE,1655455523579535404,07:FB:DF:17:DA:13,-76
BLE,1655455523728922592,0E:EE:BF:45:2C:AA,-69
BLE,1655455523834516758,0E:EE:BF:45:2C:AA,-73
BLE,1655455523898264892,07:FB:DF:17:DA:13,-78
BLE,1655455524006993729,07:FB:DF:17:DA:13,-76
BLE,1655455524145683132,0E:EE:BF:45:2C:AA,-51
BLE,1655455524250728504,0E:EE:BF:45:2C:AA,-67
BLE,1655455524327040266,07:FB:DF:17:DA:13,-60
BLE,1655455524341961624,33:85:B8:E5:A9:02,-79
BLE,1655455524352018986,0E:EE:BF:45:2C:AA,-56
BLE,1655455524433959815,07:FB:DF:17:DA:13,-60
BLE,1655455524454296240,0E:EE:BF:45:2C:AA,-61
BLE,1655455524544612365,07:FB:DF:17:DA:13,-73
BLE,1655455524645191202,07:FB:DF:17:DA:13,-65
BLE,1655455524660165040,0E:EE:BF:45:2C:AA,-51
BLE,1655455524750759608,07:FB:DF:17:DA:13,-61
BLE,1655455524758142185,7A:25:0F:1E:6E:5C,-75
BLE,1655455524768149306,0E:EE:BF:45:2C:AA,-49
BLE,1655455524956504594,07:FB:DF:17:DA:13,-60
BLE,1655455524980108430,0E:EE:BF:45:2C:AA,-51
BLE,1655455525081450504,0E:EE:BF:45:2C:AA,-49
BLE,1655455525164463495,07:FB:DF:17:DA:13,-65
BLE,1655455525181987823,0E:EE:BF:45:2C:AA,-50
BLE,1655455525267805745,07:FB:DF:17:DA:13,-61
BLE,1655455525395789216,0E:EE:BF:45:2C:AA,-49
BLE,1655455525408620769,72:24:9E:31:08:81,-85
BLE,1655455525469569768,07:FB:DF:17:DA:13,-74
BLE,1655455525495702611,0E:EE:BF:45:2C:AA,-51
BLE,1655455525573984828,07:FB:DF:17:DA:13,-74
BLE,1655455525604456189,0E:EE:BF:45:2C:AA,-51
BLE,1655455525785776490,07:FB:DF:17:DA:13,-60
BLE,1655455525812594719,0E:EE:BF:45:2C:AA,-51
BLE,1655455525920730243,0E:EE:BF:45:2C:AA,-51
BLE,1655455525989534114,07:FB:DF:17:DA:13,-61
BLE,1655455526234000534,0E:EE:BF:45:2C:AA,-51
BLE,1655455526305791910,07:FB:DF:17:DA:13,-60
BLE,1655455526341386951,0E:EE:BF:45:2C:AA,-50
BLE,1655455526445194199,0E:EE:BF:45:2C:AA,-55
BLE,1655455526754458434,0E:EE:BF:45:2C:AA,-66
BLE,1655455526856973113,0E:EE:BF:45:2C:AA,-65
BLE,1655455526935791568,07:FB:DF:17:DA:13,-75
BLE,1655455526958193447,0E:EE:BF:45:2C:AA,-66
BLE,1655455527066959617,0E:EE:BF:45:2C:AA,-67
BLE,1655455527271982736,0E:EE:BF:45:2C:AA,-66
BLE,1655455527361624104,07:FB:DF:17:DA:13,-75
BLE,1655455527376992811,0E:EE:BF:45:2C:AA,-65
BLE,1655455527465281223,07:FB:DF:17:DA:13,-85
BLE,1655455527510185536,7A:25:0F:1E:6E:5C,-77
BLE,1655455527544573008,E5:38:64:81:2A:70,-76
BLE,1655455527565369987,07:FB:DF:17:DA:13,-75
BLE,1655455527588907861,0E:EE:BF:45:2C:AA,-66
BLE,1655455527670774802,07:FB:DF:17:DA:13,-85
BLE,1655455527691424152,0E:EE:BF:45:2C:AA,-65
BLE,1655455527797025355,0E:EE:BF:45:2C:AA,-54
BLE,1655455527902008820,0E:EE:BF:45:2C:AA,-67
BLE,1655455527982781006,07:FB:DF:17:DA:13,-85
BLE,1655455528011515652,0E:EE:BF:45:2C:AA,-68
BLE,1655455528084035303,07:FB:DF:17:DA:13,-74
BLE,1655455528118307387,0E:EE:BF:45:2C:AA,-66
BLE,1655455528192893287,07:FB:DF:17:DA:13,-75
BLE,1655455528297785881,07:FB:DF:17:DA:13,-84
BLE,1655455528329517681,0E:EE:BF:45:2C:AA,-52
BLE,1655455528432082286,0E:EE:BF:45:2C:AA,-50
BLE,1655455528510321762,E5:38:64:81:2A:70,-77
BLE,1655455528611553707,07:FB:DF:17:DA:13,-83
BLE,1655455528635246006,0E:EE:BF:45:2C:AA,-67
BLE,1655455528820191605,07:FB:DF:17:DA:13,-83
BLE,1655455528860816086,5D:32:91:B6:FB:E1,-94
BLE,1655455528955309729,0E:EE:BF:45:2C:AA,-67
BLE,1655455529026673495,07:FB:DF:17:DA:13,-75
BLE,1655455529270357863,0E:EE:BF:45:2C:AA,-66
BLE,1655455529448288735,07:FB:DF:17:DA:13,-83
BLE,1655455529587083749,0E:EE:BF:45:2C:AA,-68
BLE,1655455529654197720,07:FB:DF:17:DA:13,-73
BLE,1655455529691571939,0E:EE:BF:45:2C:AA,-67
BLE,1655455529760864603,33:85:B8:E5:A9:02,-92
BLE,1655455530002067390,0E:EE:BF:45:2C:AA,-68
BLE,1655455530064721993,07:FB:DF:17:DA:13,-73
BLE,1655455530106637801,0E:EE:BF:45:2C:AA,-67
BLE,1655455530311549865,0E:EE:BF:45:2C:AA,-52
BLE,1655455530413344955,0E:EE:BF:45:2C:AA,-66
BLE,1655455530439133652,E5:38:64:81:2A:70,-83
BLE,1655455530492226984,07:FB:DF:17:DA:13,-74
BLE,1655455530513988495,0E:EE:BF:45:2C:AA,-69
BLE,1655455530595314976,33:85:B8:E5:A9:02,-91
BLE,1655455530618268352,0E:EE:BF:45:2C:AA,-65
BLE,1655455530719104706,0E:EE:BF:45:2C:AA,-67
BLE,1655455530820846019,0E:EE:BF:45:2C:AA,-50
BLE,1655455530917207875,07:FB:DF:17:DA:13,-59
BLE,1655455531020348682,07:FB:DF:17:DA:13,-72
BLE,1655455531021984637,0E:EE:BF:45:2C:AA,-50
BLE,1655455531339075336,0E:EE:BF:45:2C:AA,-50
BLE,1655455531442161495,07:FB:DF:17:DA:13,-65
BLE,1655455531447834321,0E:EE:BF:45:2C:AA,-49
BLE,1655455531657228790,0E:EE:BF:45:2C:AA,-51
BLE,1655455531742896695,33:85:B8:E5:A9:02,-75
BLE,1655455531764104524,0E:EE:BF:45:2C:AA,-60
BLE,1655455531859750328,07:FB:DF:17:DA:13,-60
BLE,1655455531868317307,0E:EE:BF:45:2C:AA,-54
BLE,1655455531960472071,07:FB:DF:17:DA:13,-66
BLE,1655455531973426679,0E:EE:BF:45:2C:AA,-49
BLE,1655455532080386968,0E:EE:BF:45:2C:AA,-50
BLE,1655455532184707435,0E:EE:BF:45:2C:AA,-53
BLE,1655455532289753011,0E:EE:BF:45:2C:AA,-48
BLE,1655455532391709526,23:50:BA:1D:1F:E0,-80
BLE,1655455532395305880,0E:EE:BF:45:2C:AA,-53
BLE,1655455532500464270,0E:EE:BF:45:2C:AA,-54
BLE,1655455532582266526,07:FB:DF:17:DA:13,-58
BLE,1655455532594630673,23:50:BA:1D:1F:E0,-84
BLE,1655455532601648271,0E:EE:BF:45:2C:AA,-47
BLE,1655455532707118122,0E:EE:BF:45:2C:AA,-54
BLE,1655455532808057124,0E:EE:BF:45:2C:AA,-48
BLE,1655455532894763339,07:FB:DF:17:DA:13,-72
BLE,1655455532917187533,0E:EE:BF:45:2C:AA,-64
BLE,1655455533024156581,0E:EE:BF:45:2C:AA,-64
BLE,1655455533124734121,0E:EE:BF:45:2C:AA,-63
BLE,1655455533330481033,0E:EE:BF:45:2C:AA,-65
BLE,1655455533434241874,0E:EE:BF:45:2C:AA,-63
BLE,1655455533540391759,0E:EE:BF:45:2C:AA,-64
BLE,1655455533752234754,0E:EE:BF:45:2C:AA,-57
BLE,1655455533828553331,07:FB:DF:17:DA:13,-67
BLE,1655455533854627286,0E:EE:BF:45:2C:AA,-49
BLE,1655455533858950878,7A:25:0F:1E:6E:5C,-79
BLE,1655455534043159740,07:FB:DF:17:DA:13,-55
BLE,1655455534061609489,0E:EE:BF:45:2C:AA,-51
BLE,1655455534143457411,07:FB:DF:17:DA:13,-64
BLE,1655455534161678643,52:47:D3:5C:8E:DB,-80
BLE,1655455534266864069,0E:EE:BF:45:2C:AA,-56
BLE,1655455534358580428,07:FB:DF:17:DA:13,-59
BLE,1655455534374336541,0E:EE:BF:45:2C:AA,-66
BLE,1655455534459750040,07:FB:DF:17:DA:13,-66
BLE,1655455534561896277,07:FB:DF:17:DA:13,-59
BLE,1655455534684770697,0E:EE:BF:45:2C:AA,-45
BLE,1655455534765628698,07:FB:DF:17:DA:13,-60
BLE,1655455534776824535,23:50:BA:1D:1F:E0,-85
BLE,1655455534791750486,0E:EE:BF:45:2C:AA,-51
BLE,1655455534896880320,0E:EE:BF:45:2C:AA,-52
BLE,1655455534966093763,07:FB:DF:17:DA:13,-61
BLE,1655455535069245662,07:FB:DF:17:DA:13,-62
BLE,1655455535092205094,63:E5:76:07:13:AC,-82
BLE,1655455535100611334,0E:EE:BF:45:2C:AA,-46
BLE,1655455535169823073,07:FB:DF:17:DA:13,-62
BLE,1655455535201687705,0E:EE:BF:45:2C:AA,-48
BLE,1655455535274288466,07:FB:DF:17:DA:13,-64
BLE,1655455535302321320,0E:EE:BF:45:2C:AA,-45
BLE,1655455535409749069,0E:EE:BF:45:2C:AA,-47
BLE,1655455535508616358,0E:EE:BF:45:2C:AA,-45
BLE,1655455535589216490,07:FB:DF:17:DA:13,-72
BLE,1655455535612212403,0E:EE:BF:45:2C:AA,-51
BLE,1655455535688172408,07:FB:DF:17:DA:13,-75
BLE,1655455535716810629,0E:EE:BF:45:2C:AA,-68
BLE,1655455535824381397,0E:EE:BF:45:2C:AA,-46
BLE,1655455536003670781,07:FB:DF:17:DA:13,-61
BLE,1655455536040545817,0E:EE:BF:45:2C:AA,-46
BLE,1655455536139927807,0E:EE:BF:45:2C:AA,-46
BLE,1655455536207463665,07:FB:DF:17:DA:13,-61
BLE,1655455536230392801,E5:38:64:81:2A:70,-61
BLE,1655455536244810439,0E:EE:BF:45:2C:AA,-47
BLE,1655455536310517787,07:FB:DF:17:DA:13,-61
BLE,1655455536341518219,7A:25:0F:1E:6E:5C,-71
BLE,1655455536419745380,07:FB:DF:17:DA:13,-79
BLE,1655455536424791561,50:7E:FD:A8:74:E4,-76
BLE,1655455536453206820,0E:EE:BF:45:2C:AA,-45
BLE,1655455536528612198,07:FB:DF:17:DA:13,-63
BLE,1655455536554745745,0E:EE:BF:45:2C:AA,-45
BLE,1655455536577004587,23:50:BA:1D:1F:E0,-75
BLE,1655455536633651792,07:FB:DF:17:DA:13,-63
BLE,1655455536659826339,0E:EE:BF:45:2C:AA,-51
BLE,1655455536735546382,07:FB:DF:17:DA:13,-64
BLE,1655455536762319074,0E:EE:BF:45:2C:AA,-46
BLE,1655455536967459803,0E:EE:BF:45:2C:AA,-48
BLE,1655455537110112577,72:24:9E:31:08:81,-84
BLE,1655455537172424737,0E:EE:BF:45:2C:AA,-46
BLE,1655455537192137554,E5:38:64:81:2A:70,-67
BLE,1655455537367312124,07:FB:DF:17:DA:13,-67
BLE,1655455537382411555,0E:EE:BF:45:2C:AA,-48
BLE,1655455537491985981,0E:EE:BF:45:2C:AA,-48
BLE,1655455537574943583,07:FB:DF:17:DA:13,-57
BLE,1655455537593081037,0E:EE:BF:45:2C:AA,-48
BLE,1655455537799994295,0E:EE:BF:45:2C:AA,-45
BLE,1655455537887372655,07:FB:DF:17:DA:13,-79
BLE,1655455537907320638,0E:EE:BF:45:2C:AA,-62
BLE,1655455538010520185,7A:25:0F:1E:6E:5C,-81
BLE,1655455538014254094,0E:EE:BF:45:2C:AA,-63
BLE,1655455538122028842,0E:EE:BF:45:2C:AA,-63
BLE,1655455538198115810,07:FB:DF:17:DA:13,-77
BLE,1655455538224940817,0E:EE:BF:45:2C:AA,-63
BLE,1655455538333610246,0E:EE:BF:45:2C:AA,-60
BLE,1655455538404220516,07:FB:DF:17:DA:13,-76
BLE,1655455538424737941,33:85:B8:E5:A9:02,-91
BLE,1655455538547618824,0E:EE:BF:45:2C:AA,-59
BLE,1655455538612477787,07:FB:DF:17:DA:13,-74
BLE,1655455538652385808,0E:EE:BF:45:2C:AA,-60
BLE,1655455538716054684,07:FB:DF:17:DA:13,-75
BLE,1655455538756828460,0E:EE:BF:45:2C:AA,-62
BLE,1655455538861275576,0E:EE:BF:45:2C:AA,-60
BLE,1655455538963200128,0E:EE:BF:45:2C:AA,-44
BLE,1655455539039976555,07:FB:DF:17:DA:13,-71
BLE,1655455539068291889,0E:EE:BF:45:2C:AA,-62
BLE,1655455539106033513,7A:25:0F:1E:6E:5C,-84
BLE,1655455539149548592,07:FB:DF:17:DA:13,-73
BLE,1655455539173304798,0E:EE:BF:45:2C:AA,-59
BLE,1655455539255641625,07:FB:DF:17:DA:13,-79
BLE,1655455539258515612,33:85:B8:E5:A9:02,-90
BLE,1655455539278215152,0E:EE:BF:45:2C:AA,-60
BLE,1655455539364318462,07:FB:DF:17:DA:13,-81
BLE,1655455539377429532,0E:EE:BF:45:2C:AA,-60
BLE,1655455539464675541,07:FB:DF:17:DA:13,-72
BLE,1655455539573639802,07:FB:DF:17:DA:13,-79
BLE,1655455539676179445,07:FB:DF:17:DA:13,-80
BLE,1655455539690834415,0E:EE:BF:45:2C:AA,-59
BLE,1655455539777415130,07:FB:DF:17:DA:13,-79
BLE,1655455539798279813,0E:EE:BF:45:2C:AA,-43
BLE,1655455539886090541,07:FB:DF:17:DA:13,-77
BLE,1655455539899949366,0E:EE:BF:45:2C:AA,-62
BLE,1655455539992421222,07:FB:DF:17:DA:13,-65
BLE,1655455540086781420,E5:38:64:81:2A:70,-79
BLE,1655455540100139285,07:FB:DF:17:DA:13,-73
BLE,1655455540110852069,23:50:BA:1D:1F:E0,-93
BLE,1655455540204287791,07:FB:DF:17:DA:13,-78
BLE,1655455540208258439,7A:25:0F:1E:6E:5C,-87
BLE,1655455540211282703,0E:EE:BF:45:2C:AA,-60
BLE,1655455540308277260,07:FB:DF:17:DA:13,-80
BLE,1655455540412216729,07:FB:DF:17:DA:13,-76
BLE,1655455540525133380,0E:EE:BF:45:2C:AA,-60
BLE,1655455540628729148,0E:EE:BF:45:2C:AA,-59
BLE,1655455540721145725,07:FB:DF:17:DA:13,-75
BLE,1655455540736894005,0E:EE:BF:45:2C:AA,-63
BLE,1655455540809261508,33:85:B8:E5:A9:02,-89
BLE,1655455540841398509,0E:EE:BF:45:2C:AA,-59
BLE,1655455540950139827,0E:EE:BF:45:2C:AA,-59
BLE,1655455541043447271,07:FB:DF:17:DA:13,-58
BLE,1655455541059379365,0E:EE:BF:45:2C:AA,-43
BLE,1655455541149356880,07:FB:DF:17:DA:13,-61
BLE,1655455541162110488,0E:EE:BF:45:2C:AA,-47
BLE,1655455541268939130,0E:EE:BF:45:2C:AA,-44
BLE,1655455541373726354,0E:EE:BF:45:2C:AA,-61
BLE,1655455541467139816,07:FB:DF:17:DA:13,-58
BLE,1655455541472648643,0E:EE:BF:45:2C:AA,-45
BLE,1655455541573663552,07:FB:DF:17:DA:13,-62
BLE,1655455541681311467,0E:EE:BF:45:2C:AA,-47
BLE,1655455541778196710,07:FB:DF:17:DA:13,-63
BLE,1655455541782652578,0E:EE:BF:45:2C:AA,-45
BLE,1655455542091951980,07:FB:DF:17:DA:13,-61
BLE,1655455542098889504,0E:EE:BF:45:2C:AA,-44
BLE,1655455542145820197,7A:25:0F:1E:6E:5C,-73
BLE,1655455542308321602,07:FB:DF:17:DA:13,-64
BLE,1655455542316217122,0E:EE:BF:45:2C:AA,-43
BLE,1655455542409965675,07:FB:DF:17:DA:13,-74
BLE,1655455542425172883,0E:EE:BF:45:2C:AA,-47
BLE,1655455542524653206,0E:EE:BF:45:2C:AA,-44
BLE,1655455542620188733,07:FB:DF:17:DA:13,-57
BLE,1655455542632512417,0E:EE:BF:45:2C:AA,-43
BLE,1655455542721163383,07:FB:DF:17:DA:13,-64
BLE,1655455542732109573,0E:EE:BF:45:2C:AA,-44
BLE,1655455542827079028,07:FB:DF:17:DA:13,-64
BLE,1655455543038282582,07:FB:DF:17:DA:13,-62
BLE,1655455543052642868,0E:EE:BF:45:2C:AA,-47
BLE,1655455543157198261,0E:EE:BF:45:2C:AA,-60
BLE,1655455543242029447,7A:25:0F:1E:6E:5C,-93
BLE,1655455543260010791,0E:EE:BF:45:2C:AA,-60
BLE,1655455543294597336,50:7E:FD:A8:74:E4,-92
BLE,1655455543354365211,07:FB:DF:17:DA:13,-77
BLE,1655455543368359851,0E:EE:BF:45:2C:AA,-62
BLE,1655455543473457427,0E:EE:BF:45:2C:AA,-59
BLE,1655455543578381540,0E:EE:BF:45:2C:AA,-59
BLE,1655455543658786432,07:FB:DF:17:DA:13,-80
BLE,1655455543677107348,0E:EE:BF:45:2C:AA,-59
BLE,1655455543762174607,07:FB:DF:17:DA:13,-73
BLE,1655455543777017077,5D:32:91:B6:FB:E1,-91
BLE,1655455543785215743,0E:EE:BF:45:2C:AA,-59
BLE,1655455543893429100,0E:EE:BF:45:2C:AA,-43
BLE,1655455544000265612,0E:EE:BF:45:2C:AA,-64
BLE,1655455544027323507,33:85:B8:E5:A9:02,-90
BLE,1655455544082712143,07:FB:DF:17:DA:13,-74
BLE,1655455544105313984,0E:EE:BF:45:2C:AA,-60
BLE,1655455544207152852,0E:EE:BF:45:2C:AA,-42
BLE,1655455544294551693,07:FB:DF:17:DA:13,-78
BLE,1655455544310183788,0E:EE:BF:45:2C:AA,-63
BLE,1655455544412720005,0E:EE:BF:45:2C:AA,-62
BLE,1655455544515925052,0E:EE:BF:45:2C:AA,-63
BLE,1655455544542416172,33:85:B8:E5:A9:02,-90
BLE,1655455544625213571,0E:EE:BF:45:2C:AA,-63
BLE,1655455544734008167,0E:EE:BF:45:2C:AA,-60
BLE,1655455544822342893,07:FB:DF:17:DA:13,-57
BLE,1655455544835909294,0E:EE:BF:45:2C:AA,-60
BLE,1655455544893810973,7A:25:0F:1E:6E:5C,-82
BLE,1655455544935272951,0E:EE:BF:45:2C:AA,-59
BLE,1655455545037195263,0E:EE:BF:45:2C:AA,-60
BLE,1655455545038258369,07:FB:DF:17:DA:13,-78
BLE,1655455545136026811,0E:EE:BF:45:2C:AA,-60
BLE,1655455545138537207,07:FB:DF:17:DA:13,-73
BLE,1655455545347230550,0E:EE:BF:45:2C:AA,-63
BLE,1655455545555861263,07:FB:DF:17:DA:13,-78
BLE,1655455545560053577,5D:32:91:B6:FB:E1,-89
BLE,1655455545662283425,0E:EE:BF:45:2C:AA,-62
BLE,1655455545692425472,33:85:B8:E5:A9:02,-89
BLE,1655455545761949358,07:FB:DF:17:DA:13,-78
BLE,1655455545866000494,0E:EE:BF:45:2C:AA,-63
BLE,1655455545875296044,E5:38:64:81:2A:70,-82
BLE,1655455545963796455,07:FB:DF:17:DA:13,-77
BLE,1655455545969047116,0E:EE:BF:45:2C:AA,-59
BLE,1655455546072230052,0E:EE:BF:45:2C:AA,-60
BLE,1655455546169760087,07:FB:DF:17:DA:13,-73
BLE,1655455546259756732,7A:25:0F:1E:6E:5C,-85
BLE,1655455546282363462,0E:EE:BF:45:2C:AA,-59
BLE,1655455546372288755,07:FB:DF:17:DA:13,-72
BLE,1655455546387225631,0E:EE:BF:45:2C:AA,-60
BLE,1655455546481352553,07:FB:DF:17:DA:13,-79
BLE,1655455546486720972,0E:EE:BF:45:2C:AA,-59
BLE,1655455546554969012,F7:AB:F2:58:90:08,-86
BLE,1655455546691580370,07:FB:DF:17:DA:13,-73
BLE,1655455546694036025,0E:EE:BF:45:2C:AA,-63
BLE,1655455546792614204,07:FB:DF:17:DA:13,-78
BLE,1655455546801790866,0E:EE:BF:45:2C:AA,-60
BLE,1655455546810054421,7A:25:0F:1E:6E:5C,-83
BLE,1655455547011599704,0E:EE:BF:45:2C:AA,-63
BLE,1655455547108831148,07:FB:DF:17:DA:13,-79
BLE,1655455547116767427,0E:EE:BF:45:2C:AA,-59
BLE,1655455547221028599,0E:EE:BF:45:2C:AA,-59
BLE,1655455547243815772,5D:32:91:B6:FB:E1,-89
BLE,1655455547320315497,07:FB:DF:17:DA:13,-72
BLE,1655455547425097907,07:FB:DF:17:DA:13,-79
BLE,1655455547429857404,0E:EE:BF:45:2C:AA,-61
BLE,1655455547536033567,0E:EE:BF:45:2C:AA,-60
BLE,1655455547692373019,63:E5:76:07:13:AC,-92
BLE,1655455547741562924,0E:EE:BF:45:2C:AA,-60
BLE,1655455547747245398,07:FB:DF:17:DA:13,-72
BLE,1655455547847306274,0E:EE:BF:45:2C:AA,-64
BLE,1655455547854444482,07:FB:DF:17:DA:13,-78
BLE,1655455547875937976,5D:32:91:B6:FB:E1,-87
BLE,1655455547877320989,33:85:B8:E5:A9:02,-92
BLE,1655455547902171597,7A:25:0F:1E:6E:5C,-85
BLE,1655455547954835764,0E:EE:BF:45:2C:AA,-65
BLE,1655455548063659063,0E:EE:BF:45:2C:AA,-61
BLE,1655455548166057447,0E:EE:BF:45:2C:AA,-59
BLE,1655455548268138388,0E:EE:BF:45:2C:AA,-60
BLE,1655455548369101723,0E:EE:BF:45:2C:AA,-60
BLE,1655455548377805683,07:FB:DF:17:DA:13,-73
BLE,1655455548393658111,33:85:B8:E5:A9:02,-89
BLE,1655455548408745134,23:50:BA:1D:1F:E0,-72
BLE,1655455548475556792,0E:EE:BF:45:2C:AA,-47
BLE,1655455548480083864,07:FB:DF:17:DA:13,-63
BLE,1655455548579812075,07:FB:DF:17:DA:13,-72
BLE,1655455548676828946,0E:EE:BF:45:2C:AA,-63
BLE,1655455548796075624,0E:EE:BF:45:2C:AA,-60
BLE,1655455548843150353,63:E5:76:07:13:AC,-92
BLE,1655455548897420920,0E:EE:BF:45:2C:AA,-60
BLE,1655455549098633575,07:FB:DF:17:DA:13,-72
BLE,1655455549105597839,0E:EE:BF:45:2C:AA,-63
BLE,1655455549213213495,0E:EE:BF:45:2C:AA,-60
BLE,1655455549313891091,07:FB:DF:17:DA:13,-78
BLE,1655455549316553690,0E:EE:BF:45:2C:AA,-59
BLE,1655455549414813241,07:FB:DF:17:DA:13,-72
BLE,1655455549627644917,07:FB:DF:17:DA:13,-77
BLE,1655455549629088984,0E:EE:BF:45:2C:AA,-43
BLE,1655455549833684512,0E:EE:BF:45:2C:AA,-44
BLE,1655455549932488301,0E:EE:BF:45:2C:AA,-60
BLE,1655455549946365238,07:FB:DF:17:DA:13,-78
BLE,1655455550041920857,0E:EE:BF:45:2C:AA,-59
BLE,1655455550078152395,33:85:B8:E5:A9:02,-89
BLE,1655455550089598287,7A:25:0F:1E:6E:5C,-84
BLE,1655455550149172237,0E:EE:BF:45:2C:AA,-60
BLE,1655455550155308006,07:FB:DF:17:DA:13,-74
BLE,1655455550253159892,0E:EE:BF:45:2C:AA,-64
BLE,1655455550277023468,23:50:BA:1D:1F:E0,-88
BLE,1655455550291884567,33:85:B8:E5:A9:02,-94
BLE,1655455550395048410,33:85:B8:E5:A9:02,-91
BLE,1655455550462490361,0E:EE:BF:45:2C:AA,-60
BLE,1655455550469121201,07:FB:DF:17:DA:13,-72
BLE,1655455550576023861,07:FB:DF:17:DA:13,-78
BLE,1655455550681054900,07:FB:DF:17:DA:13,-81
BLE,1655455550770005178,0E:EE:BF:45:2C:AA,-47
BLE,1655455550788052077,07:FB:DF:17:DA:13,-59
BLE,1655455550889041060,07:FB:DF:17:DA:13,-62
BLE,1655455550974983205,0E:EE:BF:45:2C:AA,-47
BLE,1655455550992295070,07:FB:DF:17:DA:13,-65
BLE,1655455551078195011,0E:EE:BF:45:2C:AA,-44
BLE,1655455551099875875,07:FB:DF:17:DA:13,-58
BLE,1655455551186958106,0E:EE:BF:45:2C:AA,-44
BLE,1655455551192128935,7A:25:0F:1E:6E:5C,-69
BLE,1655455551204727840,07:FB:DF:17:DA:13,-61
BLE,1655455551226934276,33:85:B8:E5:A9:02,-78
BLE,1655455551287588443,0E:EE:BF:45:2C:AA,-47
BLE,1655455551388165483,0E:EE:BF:45:2C:AA,-43
BLE,1655455551408559372,07:FB:DF:17:DA:13,-62
BLE,1655455551424574169,23:50:BA:1D:1F:E0,-73
BLE,1655455551492480118,0E:EE:BF:45:2C:AA,-47
BLE,1655455551507329013,07:FB:DF:17:DA:13,-57
BLE,1655455551543191627,33:85:B8:E5:A9:02,-78
BLE,1655455551602002951,0E:EE:BF:45:2C:AA,-47
BLE,1655455551610201117,07:FB:DF:17:DA:13,-66
BLE,1655455551644981717,33:85:B8:E5:A9:02,-78
BLE,1655455551706203308,0E:EE:BF:45:2C:AA,-44
BLE,1655455551719767764,07:FB:DF:17:DA:13,-62
BLE,1655455551814323240,0E:EE:BF:45:2C:AA,-44
BLE,1655455551828574082,07:FB:DF:17:DA:13,-65
BLE,1655455551917433639,0E:EE:BF:45:2C:AA,-47
BLE,1655455551932404922,07:FB:DF:17:DA:13,-58
BLE,1655455552021019610,7A:25:0F:1E:6E:5C,-70
BLE,1655455552024324484,0E:EE:BF:45:2C:AA,-45
BLE,1655455552133246782,0E:EE:BF:45:2C:AA,-44
BLE,1655455552142731832,23:50:BA:1D:1F:E0,-73
BLE,1655455552344900241,07:FB:DF:17:DA:13,-66
BLE,1655455552352502799,0E:EE:BF:45:2C:AA,-44
BLE,1655455552449412486,07:FB:DF:17:DA:13,-58
BLE,1655455552458155502,0E:EE:BF:45:2C:AA,-47
BLE,1655455552655714303,07:FB:DF:17:DA:13,-57
BLE,1655455552659413934,0E:EE:BF:45:2C:AA,-47
BLE,1655455552693270149,33:85:B8:E5:A9:02,-73
BLE,1655455552764962803,07:FB:DF:17:DA:13,-57
BLE,1655455552869880120,07:FB:DF:17:DA:13,-62
BLE,1655455552871811482,0E:EE:BF:45:2C:AA,-45
BLE,1655455553073593893,07:FB:DF:17:DA:13,-64
BLE,1655455553076935748,0E:EE:BF:45:2C:AA,-45
BLE,1655455553123525072,7A:25:0F:1E:6E:5C,-86
BLE,1655455553175414094,07:FB:DF:17:DA:13,-78
BLE,1655455553177370011,0E:EE:BF:45:2C:AA,-64
BLE,1655455553279965357,07:FB:DF:17:DA:13,-72
BLE,1655455553283672674,0E:EE:BF:45:2C:AA,-60
BLE,1655455553326154832,5D:32:91:B6:FB:E1,-88
BLE,1655455553341544335,1A:65:96:03:31:1F,-99
BLE,1655455553387562847,0E:EE:BF:45:2C:AA,-60
BLE,1655455553486277989,07:FB:DF:17:DA:13,-72
BLE,1655455553592255616,07:FB:DF:17:DA:13,-78
BLE,1655455553610135460,E5:38:64:81:2A:70,-84
BLE,1655455553707588292,0E:EE:BF:45:2C:AA,-61
BLE,1655455553760435477,1A:65:96:03:31:1F,-94
BLE,1655455553816877682,0E:EE:BF:45:2C:AA,-61
BLE,1655455553904105228,07:FB:DF:17:DA:13,-78
BLE,1655455554018723500,0E:EE:BF:45:2C:AA,-62
BLE,1655455554042468966,33:85:B8:E5:A9:02,-89
BLE,1655455554060191200,5D:32:91:B6:FB:E1,-94
BLE,1655455554108889774,CF:C0:0C:56:77:1A,-94
BLE,1655455554117359031,07:FB:DF:17:DA:13,-73
BLE,1655455554122386101,0E:EE:BF:45:2C:AA,-64
BLE,1655455554125353643,23:50:BA:1D:1F:E0,-87
BLE,1655455554243782602,33:85:B8:E5:A9:02,-74
BLE,1655455554295072349,F7:AB:F2:58:90:08,-91
BLE,1655455554330340928,07:FB:DF:17:DA:13,-78
BLE,1655455554375215797,5D:32:91:B6:FB:E1,-92
BLE,1655455554537325983,07:FB:DF:17:DA:13,-77
BLE,1655455554541991795,0E:EE:BF:45:2C:AA,-59
BLE,1655455554577196597,E5:38:64:81:2A:70,-83
BLE,1655455554642501372,0E:EE:BF:45:2C:AA,-62
BLE,1655455554745019422,07:FB:DF:17:DA:13,-72
BLE,1655455554747503485,0E:EE:BF:45:2C:AA,-60
BLE,1655455554766083863,7A:25:0F:1E:6E:5C,-84
BLE,1655455554847863989,07:FB:DF:17:DA:13,-78
BLE,1655455554852470302,0E:EE:BF:45:2C:AA,-45
BLE,1655455554878218869,52:47:D3:5C:8E:DB,-91
BLE,1655455555039732168,7A:25:0F:1E:6E:5C,-84
BLE,1655455555057046978,07:FB:DF:17:DA:13,-72
BLE,1655455555059520615,0E:EE:BF:45:2C:AA,-60
BLE,1655455555158697440,07:FB:DF:17:DA:13,-64
BLE,1655455555166171683,0E:EE:BF:45:2C:AA,-61
BLE,1655455555267028889,0E:EE:BF:45:2C:AA,-62
BLE,1655455555410759510,63:E5:76:07:13:AC,-93
BLE,1655455555419645895,EB:8B:41:D3:53:F9,-82
BLE,1655455555467461714,07:FB:DF:17:DA:13,-74
BLE,1655455555571838589,07:FB:DF:17:DA:13,-75
BLE,1655455555578806520,0E:EE:BF:45:2C:AA,-59
BLE,1655455555592554809,33:85:B8:E5:A9:02,-89
BLE,1655455555676286167,07:FB:DF:17:DA:13,-65
BLE,1655455555683707263,0E:EE:BF:45:2C:AA,-46
BLE,1655455555776932300,07:FB:DF:17:DA:13,-73
BLE,1655455555867311183,7A:25:0F:1E:6E:5C,-82
BLE,1655455555997057942,0E:EE:BF:45:2C:AA,-61
BLE,1655455556088648913,07:FB:DF:17:DA:13,-78
BLE,1655455556097600798,0E:EE:BF:45:2C:AA,-60
BLE,1655455556138599555,7A:25:0F:1E:6E:5C,-81
BLE,1655455556191763386,07:FB:DF:17:DA:13,-80
BLE,1655455556199491980,0E:EE:BF:45:2C:AA,-62
BLE,1655455556243851648,63:E5:76:07:13:AC,-94
BLE,1655455556294497528,07:FB:DF:17:DA:13,-72
BLE,1655455556300103261,0E:EE:BF:45:2C:AA,-59
BLE,1655455556507135537,0E:EE:BF:45:2C:AA,-62
BLE,1655455556508744289,E5:38:64:81:2A:70,-77
BLE,1655455556609478755,07:FB:DF:17:DA:13,-72
BLE,1655455556611298784,0E:EE:BF:45:2C:AA,-60
BLE,1655455556643171231,23:50:BA:1D:1F:E0,-88
BLE,1655455556718803107,0E:EE:BF:45:2C:AA,-62
BLE,1655455556759870845,5D:32:91:B6:FB:E1,-92
BLE,1655455556817508045,07:FB:DF:17:DA:13,-73
BLE,1655455556820767234,0E:EE:BF:45:2C:AA,-61
BLE,1655455556845027790,23:50:BA:1D:1F:E0,-89
BLE,1655455556922439269,07:FB:DF:17:DA:13,-79
BLE,1655455556927584875,0E:EE:BF:45:2C:AA,-59
BLE,1655455556958770603,33:85:B8:E5:A9:02,-92
BLE,1655455556969818812,7A:25:0F:1E:6E:5C,-82
BLE,1655455557025519409,07:FB:DF:17:DA:13,-79
BLE,1655455557076367510,63:E5:76:07:13:AC,-94
BLE,1655455557140121293,0E:EE:BF:45:2C:AA,-62
BLE,1655455557228040169,07:FB:DF:17:DA:13,-82
BLE,1655455557243871412,0E:EE:BF:45:2C:AA,-60
BLE,1655455557332006231,07:FB:DF:17:DA:13,-72
BLE,1655455557347045125,0E:EE:BF:45:2C:AA,-63
BLE,1655455557393261303,63:E5:76:07:13:AC,-94
BLE,1655455557427507369,EB:8B:41:D3:53:F9,-81
BLE,1655455557453837360,0E:EE:BF:45:2C:AA,-62
BLE,1655455557536938202,07:FB:DF:17:DA:13,-72
BLE,1655455557559598080,0E:EE:BF:45:2C:AA,-59
BLE,1655455557610321237,50:7E:FD:A8:74:E4,-91
BLE,1655455557743783646,07:FB:DF:17:DA:13,-80
BLE,1655455557765876249,0E:EE:BF:45:2C:AA,-62
BLE,1655455557791289984,23:50:BA:1D:1F:E0,-86
BLE,1655455557794878727,5D:32:91:B6:FB:E1,-90
BLE,1655455557851318692,07:FB:DF:17:DA:13,-72
BLE,1655455557869673534,0E:EE:BF:45:2C:AA,-59
BLE,1655455557892122561,50:7E:FD:A8:74:E4,-92
BLE,1655455557960787339,07:FB:DF:17:DA:13,-73
BLE,1655455558068686772,07:FB:DF:17:DA:13,-60
BLE,1655455558072129590,0E:EE:BF:45:2C:AA,-44
BLE,1655455558167550598,07:FB:DF:17:DA:13,-72
BLE,1655455558180878315,0E:EE:BF:45:2C:AA,-60
BLE,1655455558268707969,07:FB:DF:17:DA:13,-77
BLE,1655455558282587462,0E:EE:BF:45:2C:AA,-62
BLE,1655455558344844418,7A:25:0F:1E:6E:5C,-88
BLE,1655455558368830790,07:FB:DF:17:DA:13,-73
BLE,1655455558385065382,0E:EE:BF:45:2C:AA,-61
BLE,1655455558473734366,07:FB:DF:17:DA:13,-79
BLE,1655455558492574928,0E:EE:BF:45:2C:AA,-62
BLE,1655455558541342465,33:85:B8:E5:A9:02,-90
BLE,1655455558594599758,0E:EE:BF:45:2C:AA,-59
BLE,1655455558810112922,0E:EE:BF:45:2C:AA,-60
BLE,1655455558887576382,07:FB:DF:17:DA:13,-72
BLE,1655455558910217816,0E:EE:BF:45:2C:AA,-60
BLE,1655455558991232446,07:FB:DF:17:DA:13,-77
BLE,1655455559123401675,0E:EE:BF:45:2C:AA,-61
BLE,1655455559177358558,7A:25:0F:1E:6E:5C,-69
BLE,1655455559201383708,07:FB:DF:17:DA:13,-57
BLE,1655455559232112604,0E:EE:BF:45:2C:AA,-50
BLE,1655455559260415605,5D:32:91:B6:FB:E1,-82
BLE,1655455559305526732,07:FB:DF:17:DA:13,-63
BLE,1655455559441461037,0E:EE:BF:45:2C:AA,-45
BLE,1655455559447443676,7A:25:0F:1E:6E:5C,-72
BLE,1655455559457911313,F7:AB:F2:58:90:08,-69
BLE,1655455559515174959,07:FB:DF:17:DA:13,-57
BLE,1655455559542658315,0E:EE:BF:45:2C:AA,-47
BLE,1655455559616825069,07:FB:DF:17:DA:13,-63
BLE,1655455559645223735,0E:EE:BF:45:2C:AA,-44
BLE,1655455559708319669,63:E5:76:07:13:AC,-82
BLE,1655455559715815024,07:FB:DF:17:DA:13,-58
BLE,1655455559726573326,7A:25:0F:1E:6E:5C,-76
BLE,1655455559752144969,0E:EE:BF:45:2C:AA,-45
BLE,1655455559820508897,07:FB:DF:17:DA:13,-62
BLE,1655455559922609023,07:FB:DF:17:DA:13,-78
BLE,1655455559958668210,DF:24:27:1B:96:4A,-82
BLE,1655455560025584979,07:FB:DF:17:DA:13,-62